{
    "val_precision": 0.6161240310077519,
    "test_precision": 0.6229760289461782,
    "val_recall": 0.6840420449116101,
    "test_recall": 0.6860690194544921,
    "val_f1": 0.6086297368799605,
    "test_f1": 0.6185158233957556,
    "time_taken": 1597.5866429805756
}