{
    "val_precision": 0.6862596899224807,
    "test_precision": 0.7003646140081914,
    "val_recall": 0.7951982799808887,
    "test_recall": 0.7904585003421645,
    "val_f1": 0.6901137664254576,
    "test_f1": 0.7145981636232333,
    "time_taken": 766.5708701610565
}