{
    "val_precision": 0.7201014656144307,
    "test_precision": 0.7321795590433483,
    "val_recall": 0.6332537028189202,
    "test_recall": 0.6295793006810702,
    "val_f1": 0.6566193853427896,
    "test_f1": 0.6534705656731817,
    "time_taken": 1008.1684770584106
}