{
    "val_precision": 0.653808200507996,
    "test_precision": 0.6627450980392157,
    "val_recall": 0.7372431915910177,
    "test_recall": 0.7336885326033825,
    "val_f1": 0.6583118091509627,
    "test_f1": 0.6724304041377211,
    "time_taken": 480.7912931442261
}