{
    "val_precision": 0.7810214863254196,
    "test_precision": 0.7756323870540152,
    "val_recall": 0.7381748686096512,
    "test_recall": 0.743943689510216,
    "val_f1": 0.7562154390621545,
    "test_f1": 0.7577946426721727,
    "time_taken": 868.5242214202881
}