{
    "val_precision": 0.6722557745285018,
    "test_precision": 0.6609595388578948,
    "val_recall": 0.7663162924032489,
    "test_recall": 0.7263955420862255,
    "val_f1": 0.6793664652897708,
    "test_f1": 0.6720529289867665,
    "time_taken": 746.4021852016449
}