{
    "val_precision": 0.677715704531347,
    "test_precision": 0.6754100431624381,
    "val_recall": 0.7931199235547062,
    "test_recall": 0.7714862971290775,
    "val_f1": 0.6601944952743873,
    "test_f1": 0.671547300715473,
    "time_taken": 931.3595888614655
}