{
    "val_precision": 0.812979118808559,
    "test_precision": 0.7857323232323232,
    "val_recall": 0.665527950310559,
    "test_recall": 0.6474891647929091,
    "val_f1": 0.7020918269146647,
    "test_f1": 0.678476574391921,
    "time_taken": 858.2375724315643
}