{
    "val_precision": 0.6409773032701209,
    "test_precision": 0.6427005012531328,
    "val_recall": 0.7319875776397515,
    "test_recall": 0.7256199693681363,
    "val_f1": 0.5781795091245411,
    "test_f1": 0.5893205435651478,
    "time_taken": 699.3704347610474
}