{
    "val_precision": 0.69823419349809,
    "test_precision": 0.7046236408055224,
    "val_recall": 0.8123984710941232,
    "test_recall": 0.7942320852478248,
    "val_f1": 0.7055374355010682,
    "test_f1": 0.7202906907281293,
    "time_taken": 599.0798306465149
}