{
    "val_precision": 0.6565893892841299,
    "test_precision": 0.6679394954670872,
    "val_recall": 0.7602006688963211,
    "test_recall": 0.7665754228174797,
    "val_f1": 0.6143505121947076,
    "test_f1": 0.6430205949656751,
    "time_taken": 1219.7720785140991
}