{
    "val_precision": 0.6083503054989816,
    "test_precision": 0.4022289766970618,
    "val_recall": 0.5036311514572385,
    "test_recall": 0.49937106918238994,
    "val_f1": 0.45949205342207083,
    "test_f1": 0.4455667789001122,
    "time_taken": 459.59381556510925
}