{
    "val_precision": 0.7024168854847292,
    "test_precision": 0.6922132976349844,
    "val_recall": 0.8167462971810798,
    "test_recall": 0.7695082608270604,
    "val_f1": 0.7120653265821757,
    "test_f1": 0.7079104815969179,
    "time_taken": 1136.128977060318
}