{
    "val_precision": 0.6090998043052838,
    "test_precision": 0.6058829325975562,
    "val_recall": 0.6811275680840898,
    "test_recall": 0.6680711702023658,
    "val_f1": 0.5586071487710832,
    "test_f1": 0.5567598015368979,
    "time_taken": 648.228333234787
}