{
    "val_precision": 0.4078014184397163,
    "test_precision": 0.4023279352226721,
    "val_recall": 0.5,
    "test_recall": 0.5,
    "val_f1": 0.44921875,
    "test_f1": 0.44587773415591697,
    "time_taken": 454.5381474494934
}