{
    "val_precision": 0.6629721807669279,
    "test_precision": 0.6681788128122246,
    "val_recall": 0.7489488772097468,
    "test_recall": 0.7387199791442631,
    "val_f1": 0.6705149604151377,
    "test_f1": 0.6796481900823734,
    "time_taken": 963.4829738140106
}