{
    "val_precision": 0.7100267671801596,
    "test_precision": 0.7128792949576082,
    "val_recall": 0.8149068322981365,
    "test_recall": 0.7984847003617167,
    "val_f1": 0.7275040190855375,
    "test_f1": 0.7314872140240726,
    "time_taken": 483.57398748397827
}