{
    "val_precision": 0.6796755498147455,
    "test_precision": 0.6818479188600196,
    "val_recall": 0.788628762541806,
    "test_recall": 0.773552318571382,
    "val_f1": 0.6781119048937624,
    "test_f1": 0.6875161875161875,
    "time_taken": 868.5741863250732
}