{
    "val_precision": 0.6744344670481034,
    "test_precision": 0.6741609600650892,
    "val_recall": 0.769684663162924,
    "test_recall": 0.75111936650699,
    "val_f1": 0.6819011177380732,
    "test_f1": 0.6851057213930348,
    "time_taken": 1139.588492155075
}