{
    "val_precision": 0.6608810185261289,
    "test_precision": 0.6541659993347214,
    "val_recall": 0.7672001911132346,
    "test_recall": 0.7446671228859125,
    "val_f1": 0.6167682513883245,
    "test_f1": 0.6280120481927711,
    "time_taken": 606.4925832748413
}