{
    "val_precision": 0.6448972857024998,
    "test_precision": 0.6496929621326921,
    "val_recall": 0.739751552795031,
    "test_recall": 0.7337048261478802,
    "val_f1": 0.6191167803317336,
    "test_f1": 0.6380435816918832,
    "time_taken": 1093.86958193779
}