{
    "val_precision": 0.6616278128541363,
    "test_precision": 0.640655818540434,
    "val_recall": 0.7453177257525083,
    "test_recall": 0.6933457164271516,
    "val_f1": 0.6698479067579575,
    "test_f1": 0.6502089909874741,
    "time_taken": 1414.5019571781158
}