{
    "val_precision": 0.6797559793859842,
    "test_precision": 0.6930136494252874,
    "val_recall": 0.7785475394171046,
    "test_recall": 0.7801707563463356,
    "val_f1": 0.6876778350152262,
    "test_f1": 0.7060186646228754,
    "time_taken": 278.6882174015045
}