{
    "val_precision": 0.6398400083746979,
    "test_precision": 0.6293651616470548,
    "val_recall": 0.7188246536072622,
    "test_recall": 0.6951771108286897,
    "val_f1": 0.5377246467265191,
    "test_f1": 0.5366893408604426,
    "time_taken": 874.3943276405334
}