{
    "val_precision": 0.6152642637497407,
    "test_precision": 0.6195558912950218,
    "val_recall": 0.6744863831820354,
    "test_recall": 0.6671000749503047,
    "val_f1": 0.49674381091828856,
    "test_f1": 0.49029862334979674,
    "time_taken": 1204.6245806217194
}