{
    "val_precision": 0.662026068795866,
    "test_precision": 0.6557877779869872,
    "val_recall": 0.7679407548972766,
    "test_recall": 0.7426597582037997,
    "val_f1": 0.6393084707646177,
    "test_f1": 0.6461993888464476,
    "time_taken": 1095.6973688602448
}