{
    "val_precision": 0.6509559804357492,
    "test_precision": 0.6524196194225722,
    "val_recall": 0.7502627806975632,
    "test_recall": 0.7422263499201616,
    "val_f1": 0.600719654225307,
    "test_f1": 0.6225649119245906,
    "time_taken": 1062.5809938907623
}