{
    "val_precision": 0.4698695853909124,
    "test_precision": 0.4939243117209219,
    "val_recall": 0.4751791686574295,
    "test_recall": 0.4947013393293577,
    "val_f1": 0.4714391006204226,
    "test_f1": 0.49351382818812944,
    "time_taken": 442.7758388519287
}