{
    "val_precision": 0.671133387888707,
    "test_precision": 0.6608360600593255,
    "val_recall": 0.7683468705207835,
    "test_recall": 0.7399485123993874,
    "val_f1": 0.675217180001215,
    "test_f1": 0.665029232716533,
    "time_taken": 689.2761058807373
}