{
    "val_precision": 0.6752883031301482,
    "test_precision": 0.6838973811272056,
    "val_recall": 0.7759675107501194,
    "test_recall": 0.7693290318375859,
    "val_f1": 0.6791028600808524,
    "test_f1": 0.6944631867345478,
    "time_taken": 663.6417498588562
}