{
    "val_precision": 0.6768691340063516,
    "test_precision": 0.6897913982868895,
    "val_recall": 0.7721691352126134,
    "test_recall": 0.7736565972561671,
    "val_f1": 0.6855362055999783,
    "test_f1": 0.7030265339966832,
    "time_taken": 548.1170670986176
}