{
    "val_precision": 0.6018744285278879,
    "test_precision": 0.6245042999222019,
    "val_recall": 0.6642618251313903,
    "test_recall": 0.692957930068107,
    "val_f1": 0.586614578230626,
    "test_f1": 0.6127558479532164,
    "time_taken": 670.4597165584564
}