{
    "val_precision": 0.580921759986767,
    "test_precision": 0.540464387989215,
    "val_recall": 0.6335642618251314,
    "test_recall": 0.5629908430279923,
    "val_f1": 0.5492301897452798,
    "test_f1": 0.5148617408290174,
    "time_taken": 1036.6468751430511
}