{
    "val_precision": 0.6639552504902835,
    "test_precision": 0.6774874281609196,
    "val_recall": 0.7510750119445773,
    "test_recall": 0.7576335255971584,
    "val_f1": 0.6712852272152957,
    "test_f1": 0.6882016139939588,
    "time_taken": 1138.5561063289642
}