{
    "val_precision": 0.5061679234093027,
    "test_precision": 0.5160680927863308,
    "val_recall": 0.5099378881987577,
    "test_recall": 0.5248346205233486,
    "val_f1": 0.47611015427237013,
    "test_f1": 0.48971868785357087,
    "time_taken": 561.0937669277191
}