{
    "val_precision": 0.6492495542932958,
    "test_precision": 0.6577001063688339,
    "val_recall": 0.7456999522216914,
    "test_recall": 0.7473620751458272,
    "val_f1": 0.6295400375812988,
    "test_f1": 0.6443371184626261,
    "time_taken": 441.93673825263977
}