{
    "val_precision": 0.6802241257219885,
    "test_precision": 0.6793648310387985,
    "val_recall": 0.7883659818442428,
    "test_recall": 0.768999902238733,
    "val_f1": 0.6801637559986147,
    "test_f1": 0.6853043344662577,
    "time_taken": 750.0482461452484
}