{
    "val_precision": 0.6998331766067489,
    "test_precision": 0.7157988165680473,
    "val_recall": 0.8016961299569996,
    "test_recall": 0.8089972952716133,
    "val_f1": 0.7149076738860995,
    "test_f1": 0.7334584481848572,
    "time_taken": 696.8410086631775
}