{
    "val_precision": 0.7654153132250581,
    "test_precision": 0.7792048760726256,
    "val_recall": 0.6951982799808887,
    "test_recall": 0.6976406947567374,
    "val_f1": 0.7203523464688171,
    "test_f1": 0.7252352043103922,
    "time_taken": 427.7330732345581
}