{
    "val_precision": 0.683741942542464,
    "test_precision": 0.6876356589147287,
    "val_recall": 0.7751075011944577,
    "test_recall": 0.7524065565223059,
    "val_f1": 0.6971431594540259,
    "test_f1": 0.704053649269134,
    "time_taken": 741.2158105373383
}