{
    "val_precision": 0.676536846124475,
    "test_precision": 0.6732998885172798,
    "val_recall": 0.7840181557572862,
    "test_recall": 0.7634144751849317,
    "val_f1": 0.6738969427723236,
    "test_f1": 0.6751756823815229,
    "time_taken": 302.9818334579468
}