{
    "val_precision": 0.6916381444312383,
    "test_precision": 0.6978106508875739,
    "val_recall": 0.7927376970855231,
    "test_recall": 0.7832404601296966,
    "val_f1": 0.7038480772602989,
    "test_f1": 0.7128562026339282,
    "time_taken": 694.6407833099365
}