{
    "val_precision": 0.7061189451515429,
    "test_precision": 0.7210761962313905,
    "val_recall": 0.8072861920688008,
    "test_recall": 0.8147326229347933,
    "val_f1": 0.7235290447370063,
    "test_f1": 0.7399397346596424,
    "time_taken": 703.6137292385101
}