{
    "val_precision": 0.6721349314955567,
    "test_precision": 0.6659104507379338,
    "val_recall": 0.7850453893932154,
    "test_recall": 0.7602404927167856,
    "val_f1": 0.6488179606978494,
    "test_f1": 0.6536659809291802,
    "time_taken": 667.3936235904694
}