{
    "val_precision": 0.6684421841541756,
    "test_precision": 0.6681809741907532,
    "val_recall": 0.779192546583851,
    "test_recall": 0.7656466907811126,
    "val_f1": 0.643042125766782,
    "test_f1": 0.6504201680672268,
    "time_taken": 1204.838585138321
}