{
    "val_precision": 0.6761873561335598,
    "test_precision": 0.6858830045740423,
    "val_recall": 0.7789775441949355,
    "test_recall": 0.7712158242904161,
    "val_f1": 0.6786658786288141,
    "test_f1": 0.6972259086159034,
    "time_taken": 882.3896129131317
}