{
    "val_precision": 0.6565151385562777,
    "test_precision": 0.6545652393300776,
    "val_recall": 0.7498088867654085,
    "test_recall": 0.7295858180988692,
    "val_f1": 0.6534775558916173,
    "test_f1": 0.6586057304277643,
    "time_taken": 1464.9266908168793
}