{
    "val_precision": 0.5806737588652482,
    "test_precision": 0.5953628055402402,
    "val_recall": 0.6313664596273292,
    "test_recall": 0.6487991657705217,
    "val_f1": 0.5043925911047846,
    "test_f1": 0.52521383514761,
    "time_taken": 758.5924730300903
}