{
    "val_precision": 0.68910897970531,
    "test_precision": 0.6975840005265459,
    "val_recall": 0.7785714285714286,
    "test_recall": 0.7739107765503308,
    "val_f1": 0.7048338105232103,
    "test_f1": 0.71456544418586,
    "time_taken": 692.7229964733124
}