{
    "val_precision": 0.727127659574468,
    "test_precision": 0.8105232388190589,
    "val_recall": 0.5684902054467271,
    "test_recall": 0.6038517939192491,
    "val_f1": 0.5776404199146657,
    "test_f1": 0.6265120967741935,
    "time_taken": 451.2139472961426
}