{
    "val_precision": 0.747344402619502,
    "test_precision": 0.7261228005414052,
    "val_recall": 0.5654801720019111,
    "test_recall": 0.5598852934467364,
    "val_f1": 0.5728180949771174,
    "test_f1": 0.5621079290863044,
    "time_taken": 689.7017207145691
}