{
    "val_precision": 0.6678598138607279,
    "test_precision": 0.6811004784688995,
    "val_recall": 0.775752508361204,
    "test_recall": 0.7812200606119855,
    "val_f1": 0.6525904221922031,
    "test_f1": 0.676595744680851,
    "time_taken": 1387.1772632598877
}