{
    "val_precision": 0.5854685521317011,
    "test_precision": 0.5918175465345277,
    "val_recall": 0.6381987577639752,
    "test_recall": 0.641294359174895,
    "val_f1": 0.5665349143610012,
    "test_f1": 0.5779642834605919,
    "time_taken": 855.7355098724365
}