{
    "val_precision": 0.6834783913565426,
    "test_precision": 0.6956673480580345,
    "val_recall": 0.7920926899187769,
    "test_recall": 0.7813536676768664,
    "val_f1": 0.6855749128919861,
    "test_f1": 0.7100261289199874,
    "time_taken": 962.3491084575653
}