{
    "val_precision": 0.6767441860465117,
    "test_precision": 0.6618060550578696,
    "val_recall": 0.7795986622073579,
    "test_recall": 0.7419102551569068,
    "val_f1": 0.6795651372765801,
    "test_f1": 0.6657394180888656,
    "time_taken": 520.0745441913605
}