{
    "val_precision": 0.7922143974960876,
    "test_precision": 0.8221605299045393,
    "val_recall": 0.7294075489727663,
    "test_recall": 0.7155505588685762,
    "val_f1": 0.7538461245571317,
    "test_f1": 0.7500497281847764,
    "time_taken": 756.6147818565369
}