{
    "val_precision": 0.645973609569614,
    "test_precision": 0.6305330497395609,
    "val_recall": 0.742379359770664,
    "test_recall": 0.7075895330270147,
    "val_f1": 0.5994787768389349,
    "test_f1": 0.5947277531761752,
    "time_taken": 606.2101166248322
}