{
    "val_precision": 0.7858276643990929,
    "test_precision": 0.7520553321947234,
    "val_recall": 0.680673674151935,
    "test_recall": 0.6548571056147554,
    "val_f1": 0.7125652406494427,
    "test_f1": 0.681670644391408,
    "time_taken": 611.7367250919342
}