{
    "val_precision": 0.6280335422807091,
    "test_precision": 0.6243890919977904,
    "val_recall": 0.7105112279025323,
    "test_recall": 0.6922540489458077,
    "val_f1": 0.6063247863247863,
    "test_f1": 0.6137122777209275,
    "time_taken": 1467.0106122493744
}