{
    "val_precision": 0.6340880102040816,
    "test_precision": 0.6505058468006832,
    "val_recall": 0.7209985666507406,
    "test_recall": 0.7389024668426369,
    "val_f1": 0.5728232823747278,
    "test_f1": 0.6051532723368396,
    "time_taken": 785.1311826705933
}