{
    "val_precision": 0.6781114606208084,
    "test_precision": 0.679908961884182,
    "val_recall": 0.7867654085045389,
    "test_recall": 0.7751099814253593,
    "val_f1": 0.6754277468563183,
    "test_f1": 0.6810330912025826,
    "time_taken": 975.1150419712067
}