{
    "val_precision": 0.6274209946623739,
    "test_precision": 0.6252214438350461,
    "val_recall": 0.705303392259914,
    "test_recall": 0.6921041483364291,
    "val_f1": 0.6164593970077166,
    "test_f1": 0.617272581093131,
    "time_taken": 859.8636608123779
}