{
    "val_precision": 0.6990028152708712,
    "test_precision": 0.6999381630058005,
    "val_recall": 0.8097467749641662,
    "test_recall": 0.7992342034086095,
    "val_f1": 0.7092145756836417,
    "test_f1": 0.7093764825016304,
    "time_taken": 1501.6952562332153
}