{
    "val_precision": 0.6847409733124019,
    "test_precision": 0.7029405181579095,
    "val_recall": 0.7811275680840899,
    "test_recall": 0.7836445400332388,
    "val_f1": 0.6963646981531499,
    "test_f1": 0.7203086062877535,
    "time_taken": 484.5750575065613
}