{
    "val_precision": 0.7086523027534264,
    "test_precision": 0.699878368263473,
    "val_recall": 0.8229574773053034,
    "test_recall": 0.7784631928829797,
    "val_f1": 0.7215039862098686,
    "test_f1": 0.7169691906534013,
    "time_taken": 749.872391462326
}