{
    "val_precision": 0.7213961083845994,
    "test_precision": 0.6908068693541255,
    "val_recall": 0.6748924988055423,
    "test_recall": 0.6378010232345944,
    "val_f1": 0.6926214565673139,
    "test_f1": 0.6549527965331551,
    "time_taken": 871.3595395088196
}