{
    "val_precision": 0.6718227031098861,
    "test_precision": 0.6667103058232091,
    "val_recall": 0.7740086000955566,
    "test_recall": 0.7489783947599961,
    "val_f1": 0.6715098950882212,
    "test_f1": 0.6715816937714418,
    "time_taken": 1288.868215084076
}