{
    "val_precision": 0.6592098377812664,
    "test_precision": 0.6441550434734873,
    "val_recall": 0.7616579073100812,
    "test_recall": 0.7224883501156841,
    "val_f1": 0.6423373447882966,
    "test_f1": 0.6368823958952932,
    "time_taken": 653.5847101211548
}