{
    "val_precision": 0.6640786749482401,
    "test_precision": 0.6677881929356261,
    "val_recall": 0.7726230291447682,
    "test_recall": 0.7642389285365139,
    "val_f1": 0.631498532427325,
    "test_f1": 0.6527826588132758,
    "time_taken": 1217.4084248542786
}