{
    "val_precision": 0.8141675284384695,
    "test_precision": 0.8297213622291022,
    "val_recall": 0.5414715719063545,
    "test_recall": 0.5395639847492424,
    "val_f1": 0.5312395235008828,
    "test_f1": 0.5244512899499423,
    "time_taken": 688.7078845500946
}