{
    "val_precision": 0.7338654503990878,
    "test_precision": 0.7663996948893974,
    "val_recall": 0.6539894887720975,
    "test_recall": 0.6729918206406622,
    "val_f1": 0.678464971576564,
    "test_f1": 0.7011220122447466,
    "time_taken": 692.4681696891785
}