{
    "val_precision": 0.7054051459293394,
    "test_precision": 0.6998730376438752,
    "val_recall": 0.8066650740563783,
    "test_recall": 0.7811288167627986,
    "val_f1": 0.7225645975645976,
    "test_f1": 0.7164760382076826,
    "time_taken": 546.6638967990875
}