{
    "val_precision": 0.6349878934624698,
    "test_precision": 0.6187202515560725,
    "val_recall": 0.7184185379837553,
    "test_recall": 0.6796298106690128,
    "val_f1": 0.6234867551081346,
    "test_f1": 0.6136250006187782,
    "time_taken": 597.3658034801483
}